"firstname","name","adress","childrenCount","matricule","phone"
"m","zvr","SOVE","0","oisBV","0"
"maxime","sauvage","ici","0","ma42","456123789"
"ebeqb","ebeqb","ebe","0","eqbqe","0"
"ebeqb","SZBEZB","szebzEB","0","szvyb","0"
"ebeqb","SZBEZB","szebzEB","0","szvyb","0"
"ebeqb","SZBEZB","szebzEB","0","szvyb","0"
"ebeqb","SZBEZB","szebzEB","0","szvyb","0"
"ebeqb","SZBEZB","szebzEB","0","szvyb","0"
"ebeqb","SZBEZB","szebzEB","0","szvyb","0"
"ebeqb","SZBEZB","szebzEB","0","szvyb","0"
"ebeqb","SZBEZB","szebzEB","0","szvyb","0"
"ebeqb","SZBEZB","szebzEB","0","szvyb","0"
